Steps,Policy/Entropy,Environment/Episode Length,Policy/Extrinsic Value Estimate,Environment/Cumulative Reward,Policy/Extrinsic Reward,Losses/Value Loss,Losses/Policy Loss,Policy/Learning Rate,Policy/Epsilon,Policy/Beta,Is Training
10000,1.41593,74.97727272727273,-0.04614608,0.12213740458015267,0.12213740458015267,0.017944548,0.096673995,0.0002968841,0.19896135,0.009896239,1.0
20000,1.4184381,60.0,0.08587655,0.17073170731707318,0.17073170731707318,0.016844925,0.10347567,0.0002913016,0.19710054,0.009710344,1.0
